Player,Pos,FG%,3P%,2P%,eFG%,PS/G
Quincy Acy,PF,0.459,0.3,0.494,0.486,5.9
Jordan Adams,SG,0.407,0.4,0.41,0.465,3.1
Steven Adams,C,0.544,0,0.547,0.544,7.7
Jeff Adrien,PF,0.432,0,0.432,0.432,3.5
Arron Afflalo,SG,0.424,0.354,0.466,0.491,13.3
Alexis Ajinca,C,0.55,0,0.55,0.55,6.5
Furkan Aldemir,PF,0.513,0,0.548,0.513,2.3
Cole Aldrich,C,0.478,0,0.478,0.478,5.5
LaMarcus Aldridge,PF,0.466,0.352,0.475,0.479,23.4
Lavoy Allen,C,0.472,0,0.472,0.472,5
Tony Allen,SG,0.495,0.345,0.505,0.505,8.6
Al-Farouq Aminu,SF,0.412,0.274,0.485,0.459,5.6
Lou Amundson,PF,0.427,0,0.429,0.427,4.9
Chris Andersen,C,0.58,0.308,0.598,0.589,5.3
Alan Anderson,SG,0.443,0.348,0.53,0.526,7.4
Kyle Anderson,SF,0.348,0.273,0.359,0.365,2.2
Ryan Anderson,PF,0.399,0.34,0.457,0.483,13.7
Giannis Antetokounmpo,SG,0.491,0.159,0.511,0.496,12.7
Carmelo Anthony,SF,0.444,0.341,0.474,0.482,24.2
Joel Anthony,C,0.581,0,0.581,0.581,1.8
Pero Antic,C,0.365,0.301,0.455,0.453,5.7
Trevor Ariza,SF,0.402,0.35,0.485,0.509,12.8
Darrell Arthur,PF,0.404,0.236,0.471,0.438,6.6
Omer Asik,C,0.517,0,0.517,0.517,7.3
D.J. Augustin,PG,0.399,0.337,0.436,0.463,9.5
Jeff Ayres,PF,0.579,0,0.579,0.579,2.7
Luke Babbitt,SF,0.479,0.513,0.429,0.633,4.1
Cameron Bairstow,PF,0.214,0,0.214,0.214,0.6
Leandro Barbosa,SG,0.474,0.384,0.511,0.53,7.1
J.J. Barea,PG,0.42,0.323,0.463,0.47,7.5
Andrea Bargnani,C,0.454,0.366,0.466,0.475,14.8
Harrison Barnes,SF,0.482,0.405,0.519,0.548,10.1
Matt Barnes,SF,0.444,0.362,0.569,0.553,10.1
Earl Barron,C,0.308,0.5,0.286,0.333,2
Will Barton,SG,0.425,0.271,0.474,0.458,6.8
Brandon Bass,PF,0.504,0.281,0.515,0.51,10.6
Nicolas Batum,SF,0.4,0.324,0.481,0.483,9.4
Jerryd Bayless,PG,0.426,0.308,0.462,0.462,7.8
Aron Baynes,C,0.566,0.25,0.57,0.567,6.6
Kent Bazemore,SG,0.426,0.364,0.467,0.498,5.2
Bradley Beal,SG,0.427,0.409,0.434,0.489,15.3
Michael Beasley,PF,0.434,0.235,0.472,0.453,8.8
Marco Belinelli,SG,0.423,0.374,0.471,0.515,9.2
Anthony Bennett,PF,0.421,0.304,0.431,0.433,5.2
Patrick Beverley,PG,0.383,0.356,0.426,0.492,10.1
Sim Bhullar,C,0.5,0,0.5,0.5,0.7
Bismack Biyombo,C,0.543,0,0.543,0.543,4.8
Tarik Black,C,0.575,0,0.577,0.575,6
DeJuan Blair,PF,0.456,0,0.456,0.456,1.9
Steve Blake,PG,0.373,0.352,0.417,0.491,4.3
Eric Bledsoe,PG,0.447,0.324,0.491,0.489,17
Vander Blue,SG,0.3,0.2,0.35,0.333,11
Bojan Bogdanovic,SF,0.453,0.355,0.531,0.532,9
Andrew Bogut,C,0.563,0,0.563,0.563,6.3
Matt Bonner,PF,0.409,0.365,0.462,0.509,3.7
Trevor Booker,PF,0.487,0.345,0.518,0.518,7.2
Carlos Boozer,PF,0.499,0,0.499,0.499,11.8
Chris Bosh,C,0.46,0.375,0.485,0.503,21.1
Avery Bradley,SG,0.429,0.352,0.47,0.49,13.9
Elton Brand,C,0.442,0,0.447,0.442,2.7
Corey Brewer,SF,0.426,0.268,0.491,0.465,11.5
Aaron Brooks,PG,0.421,0.387,0.442,0.495,11.6
Jabari Brown,SG,0.412,0.371,0.435,0.479,11.9
Lorenzo Brown,PG,0.426,0.214,0.489,0.451,4.2
Markel Brown,SG,0.362,0.266,0.404,0.402,4.6
Shannon Brown,SG,0.368,0.429,0.333,0.447,4
Kobe Bryant,SG,0.373,0.293,0.401,0.411,22.3
Chase Budinger,SF,0.433,0.364,0.474,0.5,6.8
Reggie Bullock,SF,0.343,0.326,0.375,0.45,1.9
Trey Burke,PG,0.368,0.318,0.4,0.43,12.8
Alec Burks,SG,0.403,0.382,0.409,0.447,13.9
Caron Butler,SF,0.407,0.379,0.441,0.511,5.9
Jimmy Butler,SG,0.462,0.378,0.484,0.502,20
Rasual Butler,SF,0.422,0.387,0.45,0.51,7.7
Dwight Buycks,PG,0.45,0.636,0.379,0.538,8.7
Will Bynum,SG,0.323,0,0.455,0.323,3.1
Bruno Caboclo,SF,0.333,0.667,0.222,0.417,1.3
Nick Calathes,SG,0.421,0.256,0.456,0.443,4.2
Jose Calderon,PG,0.415,0.415,0.415,0.499,9.1
Kentavious Caldwell-Pope,SG,0.401,0.345,0.449,0.48,12.7
Isaiah Canaan,PG,0.386,0.37,0.417,0.507,9.2
Clint Capela,C,0.483,0,0.483,0.483,2.7
DeMarre Carroll,SF,0.487,0.395,0.567,0.579,12.6
Vince Carter,SG,0.333,0.297,0.379,0.417,5.8
Michael Carter-Williams,PG,0.396,0.235,0.428,0.416,14.6
Omri Casspi,SF,0.489,0.402,0.512,0.53,8.9
Mario Chalmers,PG,0.403,0.294,0.467,0.458,10.2
Tyson Chandler,C,0.666,,0.666,0.666,10.3
Wilson Chandler,SF,0.429,0.342,0.49,0.5,13.9
Will Cherry,PG,0.263,0.222,0.3,0.316,1.9
Patrick Christopher,SG,0.25,0,0.375,0.25,1.5
Earl Clark,PF,0.367,0.286,0.438,0.433,2.7
Ian Clark,SG,0.345,0.333,0.36,0.436,1.9
Jordan Clarkson,PG,0.448,0.314,0.482,0.48,11.9
Victor Claver,SF,0.45,0.545,0.333,0.6,2.4
Norris Cole,PG,0.412,0.313,0.458,0.461,7.6
Darren Collison,PG,0.473,0.373,0.514,0.527,16.1
Nick Collison,PF,0.419,0.267,0.466,0.451,4.1
Mike Conley,PG,0.446,0.386,0.473,0.506,15.8
Jack Cooley,C,0.409,,0.409,0.409,1.7
Chris Copeland,SF,0.361,0.311,0.42,0.445,6.2
Bryce Cotton,PG,0.42,0.35,0.449,0.471,5.3
DeMarcus Cousins,C,0.467,0.25,0.469,0.468,24.1
Robert Covington,SF,0.396,0.374,0.426,0.506,13.5
Allen Crabbe,SG,0.412,0.353,0.485,0.51,3.3
Jamal Crawford,SG,0.396,0.327,0.448,0.467,15.8
Jae Crowder,SF,0.42,0.293,0.499,0.476,7.7
Dante Cunningham,PF,0.457,0.1,0.468,0.459,5.2
Jared Cunningham,SG,0.364,0.308,0.4,0.424,1.8
Seth Curry,PG,0,0,0,0,0
Stephen Curry,PG,0.487,0.443,0.528,0.594,23.8
Samuel Dalembert,C,0.438,,0.438,0.438,4
Troy Daniels,SG,0.37,0.364,0.383,0.5,3.7
Luigi Datome,SF,0.483,0.45,0.51,0.584,5
Brandon Davies,PF,0.401,0.235,0.456,0.431,5.3
Anthony Davis,PF,0.535,0.083,0.54,0.536,24.4
Ed Davis,PF,0.601,,0.601,0.601,8.3
Glen Davis,PF,0.459,0,0.466,0.459,4
Andre Dawkins,SG,0.167,0.167,,0.25,0.8
Austin Daye,SF,0.355,0.338,0.371,0.44,3.8
Dewayne Dedmon,C,0.562,0,0.565,0.562,3.7
Matthew Dellavedova,SG,0.362,0.407,0.307,0.472,4.8
Luol Deng,SF,0.469,0.355,0.513,0.518,14
DeMar DeRozan,SG,0.413,0.284,0.426,0.426,20.1
Boris Diaw,PF,0.46,0.32,0.512,0.503,8.7
Gorgui Dieng,C,0.506,0.167,0.51,0.507,9.7
Spencer Dinwiddie,PG,0.302,0.185,0.375,0.337,4.3
Joey Dorsey,PF,0.552,0,0.556,0.552,2.7
Toney Douglas,SG,0.373,0.278,0.424,0.422,4.3
Chris Douglas-Roberts,SG,0.238,0.143,0.286,0.262,1.6
Goran Dragic,SG-PG,0.501,0.347,0.555,0.546,16.3
Zoran Dragic,SG,0.367,0.214,0.5,0.417,1.8
Larry Drew,PG,0.345,0.154,0.5,0.379,3.8
Andre Drummond,C,0.514,0,0.515,0.514,13.8
Jared Dudley,SG,0.468,0.385,0.537,0.556,7.2
Tim Duncan,C,0.512,0.286,0.514,0.513,13.9
Mike Dunleavy,SF,0.435,0.407,0.468,0.546,9.4
Kevin Durant,SF,0.51,0.403,0.565,0.578,25.4
Cleanthony Early,SF,0.355,0.262,0.415,0.407,5.4
Wayne Ellington,SG,0.412,0.37,0.439,0.485,10
Monta Ellis,SG,0.445,0.285,0.487,0.475,18.9
James Ennis,SF,0.409,0.326,0.461,0.472,5
Tyler Ennis,PG,0.361,0.279,0.396,0.403,3.7
Jeremy Evans,SF,0.552,0.4,0.566,0.569,2.4
Reggie Evans,PF,0.423,0,0.43,0.423,3.7
Tyreke Evans,SG,0.447,0.304,0.482,0.477,16.6
Dante Exum,PG,0.349,0.314,0.408,0.448,4.8
Festus Ezeli,C,0.547,,0.547,0.547,4.4
Kenneth Faried,PF,0.507,0.125,0.511,0.507,12.6
Jordan Farmar,PG,0.386,0.361,0.426,0.497,4.6
Derrick Favors,PF,0.525,0.167,0.527,0.526,16
Raymond Felton,PG,0.406,0.294,0.458,0.453,3.7
Landry Fields,SF,0.488,0.5,0.487,0.5,1.8
Evan Fournier,SG,0.44,0.378,0.48,0.514,12
Randy Foye,SG,0.368,0.357,0.388,0.485,8.7
Jamaal Franklin,SG,0.5,0.5,,0.75,1
Tim Frazier,PG,0.344,0.294,0.364,0.385,5.2
Jimmer Fredette,PG,0.38,0.188,0.458,0.407,3.6
Joel Freeland,C,0.49,,0.49,0.49,3.5
Channing Frye,PF,0.392,0.393,0.39,0.532,7.3
Danilo Gallinari,SF,0.401,0.355,0.453,0.496,12.4
Langston Galloway,PG,0.399,0.352,0.424,0.46,11.8
Francisco Garcia,SF,0.27,0.222,0.389,0.349,3.2
Kevin Garnett,PF,0.467,0.143,0.475,0.469,6.9
Marc Gasol,C,0.494,0.176,0.5,0.496,17.4
Pau Gasol,PF,0.494,0.462,0.495,0.5,18.5
Rudy Gay,SF,0.455,0.359,0.479,0.491,21.1
Alonzo Gee,SF,0.468,0.371,0.49,0.503,4.5
Paul George,SF,0.367,0.409,0.333,0.459,8.8
Taj Gibson,PF,0.502,,0.502,0.502,10.3
Manu Ginobili,SG,0.426,0.345,0.489,0.502,10.5
Rudy Gobert,C,0.604,0,0.607,0.604,8.4
Drew Gooden,PF,0.399,0.39,0.401,0.44,5.4
Archie Goodwin,SG,0.393,0.293,0.419,0.423,5.6
Aaron Gordon,PF,0.447,0.271,0.5,0.478,5.2
Ben Gordon,SG,0.437,0.361,0.475,0.497,6.2
Drew Gordon,PF,0.421,0,0.5,0.421,1.9
Eric Gordon,SG,0.411,0.448,0.38,0.512,13.4
Marcin Gortat,C,0.566,0,0.569,0.566,12.2
Danny Granger,SF,0.401,0.357,0.449,0.494,6.3
Jerami Grant,SF,0.352,0.314,0.383,0.422,6.3
Danny Green,SG,0.436,0.418,0.466,0.566,11.7
Draymond Green,PF,0.443,0.337,0.523,0.516,11.7
Erick Green,PG,0.377,0.298,0.409,0.42,3.4
Gerald Green,SG,0.416,0.354,0.478,0.504,11.9
JaMychal Green,PF,0.574,0,0.659,0.574,2.6
Jeff Green,SF,0.43,0.332,0.473,0.48,15
Willie Green,SG,0.386,0.347,0.411,0.454,5.9
Blake Griffin,PF,0.502,0.4,0.504,0.506,21.9
Jorge Gutierrez,PG,0.537,0,0.579,0.537,2.7
P.J. Hairston,SG,0.323,0.301,0.358,0.414,5.6
Jordan Hamilton,SF,0.4,0.476,0.286,0.543,2.7
Justin Hamilton,C,0.478,0.323,0.51,0.506,5.3
Tyler Hansbrough,PF,0.521,0.143,0.538,0.524,3.6
Tim Hardaway,SG,0.389,0.342,0.435,0.474,11.5
James Harden,SG,0.44,0.375,0.48,0.511,27.4
Maurice Harkless,SF,0.399,0.179,0.52,0.43,3.5
Devin Harris,PG,0.418,0.357,0.481,0.509,8.8
Gary Harris,SG,0.304,0.204,0.395,0.353,3.4
Joe Harris,SG,0.4,0.369,0.472,0.529,2.7
Tobias Harris,SF,0.466,0.364,0.5,0.512,17.1
Udonis Haslem,PF,0.448,0.2,0.459,0.452,4.2
Spencer Hawes,PF,0.393,0.313,0.452,0.459,5.8
Chuck Hayes,C,0.478,,0.478,0.478,1.7
Gordon Hayward,SF,0.445,0.364,0.481,0.5,19.3
Brendan Haywood,C,0.467,,0.467,0.467,1.6
Gerald Henderson,SG,0.437,0.331,0.457,0.463,12.1
Xavier Henry,SF,0.231,,0.231,0.231,2.2
John Henson,C,0.566,,0.566,0.566,7
Roy Hibbert,C,0.446,0,0.448,0.446,10.6
J.J. Hickson,C,0.475,0,0.477,0.475,7.6
Nene Hilario,PF,0.511,0.2,0.513,0.512,11
George Hill,PG,0.477,0.358,0.544,0.541,16.1
Jordan Hill,C,0.459,0.273,0.462,0.461,12
Solomon Hill,SF,0.396,0.327,0.43,0.45,8.9
Kirk Hinrich,SG,0.373,0.345,0.394,0.449,5.7
Jrue Holiday,PG,0.446,0.378,0.469,0.493,14.8
Justin Holiday,SG,0.387,0.321,0.444,0.462,4.3
Ryan Hollins,C,0.646,,0.646,0.646,3
Rodney Hood,SG,0.414,0.365,0.456,0.497,8.7
Al Horford,C,0.538,0.306,0.547,0.544,15.2
Dwight Howard,C,0.593,0.5,0.594,0.595,15.8
Lester Hudson,SG,0.429,0.5,0.375,0.536,3.6
Robbie Hummel,SF,0.459,0.314,0.521,0.506,4.4
Kris Humphries,PF,0.473,0,0.481,0.473,8
Serge Ibaka,PF,0.476,0.376,0.511,0.525,14.3
Andre Iguodala,SF,0.466,0.349,0.553,0.54,7.8
Ersan Ilyasova,PF,0.472,0.389,0.515,0.539,11.5
Joe Ingles,SF,0.415,0.356,0.493,0.517,5
Kyrie Irving,PG,0.468,0.415,0.491,0.532,21.7
Jarrett Jack,PG,0.439,0.267,0.477,0.463,12
Reggie Jackson,PG,0.434,0.299,0.477,0.47,14.5
Bernard James,C,0.444,,0.444,0.444,2.8
LeBron James,SF,0.488,0.354,0.536,0.535,25.3
Al Jefferson,C,0.481,0.4,0.482,0.482,16.6
Cory Jefferson,PF,0.449,0.133,0.48,0.455,3.7
Richard Jefferson,SF,0.444,0.426,0.462,0.546,5.8
John Jenkins,SG,0.495,0.404,0.596,0.601,5.6
Brandon Jennings,PG,0.401,0.36,0.428,0.471,15.4
Jonas Jerebko,PF,0.446,0.386,0.481,0.517,6
Grant Jerrett,PF,0.269,0.067,0.545,0.288,2
Amir Johnson,PF,0.574,0.413,0.59,0.592,9.3
Chris Johnson,SF,0.403,0.295,0.576,0.494,5.7
James Johnson,PF,0.589,0.216,0.643,0.603,7.9
Joe Johnson,SG,0.435,0.359,0.472,0.494,14.4
Nick Johnson,SG,0.347,0.238,0.389,0.38,2.6
Tyler Johnson,SG,0.419,0.375,0.437,0.473,5.9
Wesley Johnson,SF,0.414,0.351,0.451,0.48,9.9
Dahntay Jones,SF,0.286,0,0.353,0.286,0.6
James Jones,SF,0.368,0.36,0.423,0.525,4.4
Perry Jones,SF,0.397,0.233,0.476,0.435,4.3
Terrence Jones,PF,0.528,0.351,0.553,0.55,11.7
DeAndre Jordan,C,0.71,0.25,0.713,0.711,11.5
Jerome Jordan,C,0.532,,0.532,0.532,3.1
Cory Joseph,PG,0.504,0.364,0.52,0.523,6.8
Chris Kaman,C,0.515,,0.515,0.515,8.6
Enes Kanter,C,0.519,0.356,0.528,0.528,15.5
Sergey Karasev,SG,0.403,0.296,0.475,0.463,4.6
Ryan Kelly,PF,0.337,0.336,0.337,0.409,6.4
Michael Kidd-Gilchrist,SF,0.465,,0.465,0.465,10.9
Sean Kilpatrick,SG,0.35,0.308,0.429,0.45,5.5
Andrei Kirilenko,SF,0,,0,0,0.4
Alex Kirk,C,0.25,,0.25,0.25,0.8
Brandon Knight,PG-SG,0.422,0.389,0.441,0.493,17
Kyle Korver,SG,0.487,0.492,0.47,0.671,12.1
Kosta Koufos,C,0.508,,0.508,0.508,5.2
Ognjen Kuzmic,C,0.667,,0.667,0.667,1.3
Jeremy Lamb,SG,0.416,0.342,0.475,0.492,6.3
Carl Landry,PF,0.515,,0.515,0.515,7.2
Shane Larkin,PG,0.433,0.302,0.481,0.473,6.2
Joffrey Lauvergne,C,0.404,0.188,0.452,0.421,3.9
Zach LaVine,PG,0.422,0.341,0.449,0.465,10.1
Ty Lawson,PG,0.436,0.341,0.463,0.474,15.2
Ricky Ledo,SG,0.333,0.37,0.319,0.385,5.3
Courtney Lee,SG,0.448,0.402,0.473,0.518,10.1
David Lee,PF,0.511,0,0.514,0.511,7.9
Malcolm Lee,SG,0,,0,0,0
Alex Len,C,0.507,0.333,0.509,0.508,6.3
Kawhi Leonard,SF,0.479,0.349,0.519,0.52,16.5
Meyers Leonard,C,0.51,0.42,0.586,0.606,5.9
Jon Leuer,PF,0.443,0.241,0.467,0.456,4.5
Damian Lillard,PG,0.434,0.343,0.5,0.506,21
Jeremy Lin,PG,0.424,0.369,0.444,0.473,11.2
Shaun Livingston,PG,0.5,0,0.503,0.5,5.9
Brook Lopez,C,0.513,0.1,0.517,0.513,17.2
Robin Lopez,C,0.535,0,0.537,0.535,9.6
Kevin Love,PF,0.434,0.367,0.48,0.509,16.4
Kyle Lowry,PG,0.412,0.338,0.457,0.476,17.8
Kalin Lucas,PG,0,,0,0,0
John Lucas III,PG,0.404,0.31,0.44,0.447,4.7
Shelvin Mack,PG,0.401,0.315,0.467,0.469,5.4
Ian Mahinmi,C,0.552,,0.552,0.552,4.3
Devyn Marble,SG,0.318,0.182,0.455,0.364,2.3
Shawn Marion,SF,0.446,0.261,0.484,0.468,4.8
Kendall Marshall,PG,0.455,0.391,0.509,0.545,4.2
Cartier Martin,SF,0.283,0.182,0.45,0.34,1.6
Kenyon Martin,PF,0.409,,0.409,0.409,1.8
Kevin Martin,SG,0.427,0.393,0.442,0.487,20
Wesley Matthews,SG,0.448,0.389,0.534,0.563,15.9
Jason Maxiell,PF,0.422,,0.422,0.422,3.3
O.J. Mayo,SG,0.422,0.357,0.465,0.493,11.4
Luc Mbah a Moute,PF,0.395,0.307,0.435,0.443,9.9
James Michael McAdoo,PF,0.545,,0.545,0.545,4.1
Ray McCallum,PG,0.438,0.306,0.479,0.474,7.4
CJ McCollum,SG,0.436,0.396,0.46,0.511,6.8
K.J. McDaniels,SG,0.396,0.287,0.454,0.446,7.9
Doug McDermott,SF,0.402,0.317,0.455,0.463,3
Mitch McGary,PF,0.533,0,0.54,0.533,6.3
JaVale McGee,C,0.532,,0.532,0.532,4.6
Ben McLemore,SG,0.437,0.358,0.507,0.521,12.1
Jerel McNeal,PG,0.273,0.5,0.222,0.318,1.5
Josh McRoberts,PF,0.528,0.421,0.588,0.604,4.2
Jodie Meeks,SG,0.416,0.349,0.46,0.485,11.1
Gal Mekel,PG,0.15,0,0.176,0.15,1.5
Khris Middleton,SF,0.467,0.407,0.494,0.53,13.4
C.J. Miles,SG,0.398,0.345,0.459,0.491,13.5
Andre Miller,PG,0.5,0.206,0.539,0.512,4.4
Darius Miller,SF,0.143,0,0.167,0.143,0.4
Mike Miller,SF,0.325,0.327,0.313,0.465,2.1
Quincy Miller,PF,0.237,0.167,0.3,0.276,2.9
Patty Mills,PG,0.381,0.341,0.429,0.473,6.9
Elijah Millsap,SG,0.34,0.311,0.358,0.399,5.3
Paul Millsap,PF,0.476,0.356,0.513,0.518,16.7
Nikola Mirotic,PF,0.405,0.316,0.495,0.485,10.2
Nazr Mohammed,C,0.433,,0.433,0.433,1.2
Greg Monroe,PF,0.496,,0.496,0.496,15.9
E'Twaun Moore,SG,0.446,0.342,0.485,0.493,2.7
Eric Moreland,PF,1,,1,1,0.7
Darius Morris,PG,0.34,0.212,0.397,0.373,2.2
Marcus Morris,PF,0.434,0.358,0.487,0.507,10.4
Markieff Morris,PF,0.465,0.318,0.494,0.491,15.3
Anthony Morrow,SG,0.463,0.434,0.497,0.578,10.7
Donatas Motiejunas,PF,0.504,0.368,0.536,0.539,12
Timofey Mozgov,C,0.555,0.333,0.557,0.557,9.7
Shabazz Muhammad,SG,0.489,0.392,0.503,0.514,13.5
Toure' Murry,SG-PG,0.4,,0.4,0.4,1.2
Mike Muscala,PF,0.55,0.409,0.574,0.579,4.9
Shabazz Napier,PG,0.382,0.364,0.4,0.476,5.1
Gary Neal,SG,0.374,0.305,0.407,0.423,10.1
Jameer Nelson,PG,0.407,0.345,0.472,0.495,8.3
Andrew Nicholson,PF,0.437,0.317,0.47,0.471,4.9
Joakim Noah,C,0.445,0,0.447,0.445,7.2
Nerlens Noel,C,0.462,,0.462,0.462,9.9
Lucas Nogueira,C,0.25,,0.25,0.25,1
Steve Novak,SF-PF,0.393,0.396,0.375,0.563,1.8
Dirk Nowitzki,PF,0.459,0.38,0.486,0.508,17.3
Jusuf Nurkic,C,0.446,0,0.449,0.446,6.9
Johnny O'Bryant,PF,0.367,,0.367,0.367,2.9
Kyle O'Quinn,PF,0.492,0.279,0.538,0.517,5.8
Victor Oladipo,SG,0.436,0.339,0.464,0.474,17.9
Kelly Olynyk,C,0.475,0.349,0.538,0.533,10.3
Arinze Onuaku,C,0.857,,0.857,0.857,4.5
Zaza Pachulia,C,0.454,0,0.456,0.454,8.3
Kostas Papanikolaou,SF,0.35,0.292,0.418,0.429,4.2
Jannero Pargo,PG,0.429,0.409,0.462,0.557,4.6
Jabari Parker,PF,0.49,0.25,0.506,0.498,12.3
Tony Parker,PG,0.486,0.427,0.493,0.508,14.4
Chandler Parsons,SF,0.462,0.38,0.521,0.542,15.7
Patrick Patterson,PF,0.449,0.371,0.536,0.547,8
Chris Paul,PG,0.485,0.398,0.523,0.545,19.1
Adreian Payne,PF,0.414,0.111,0.427,0.416,6.7
Elfrid Payton,PG,0.425,0.262,0.435,0.433,8.9
Nikola Pekovic,C,0.424,,0.424,0.424,12.5
Kendrick Perkins,C,0.449,0,0.451,0.449,3.6
Paul Pierce,SF,0.447,0.389,0.496,0.537,11.9
Mason Plumlee,C,0.573,0,0.576,0.573,8.7
Miles Plumlee,C,0.535,,0.535,0.535,4
Quincy Pondexter,SF-SG,0.421,0.373,0.478,0.522,7.2
Otto Porter,SF,0.45,0.337,0.491,0.495,6
Dwight Powell,PF,0.463,0.273,0.5,0.485,3.1
Phil Pressey,PG,0.368,0.246,0.44,0.414,3.5
A.J. Price,PG,0.372,0.263,0.45,0.427,5.1
Ronnie Price,PG,0.345,0.284,0.404,0.415,5.1
Pablo Prigioni,PG,0.399,0.343,0.548,0.524,4.1
Tayshaun Prince,SF,0.44,0.463,0.436,0.479,7.5
Miroslav Raduljica,C,0.375,,0.375,0.375,1.6
Julius Randle,PF,0.333,,0.333,0.333,2
Shavlik Randolph,PF,0.257,0,0.3,0.257,1.1
Zach Randolph,PF,0.487,0.35,0.49,0.491,16.1
J.J. Redick,SG,0.477,0.437,0.515,0.583,16.4
Glen Rice,SG,0.2,0.143,0.25,0.233,2.2
Jason Richardson,SG,0.348,0.323,0.378,0.435,9.1
Luke Ridnour,PG,0.426,0.317,0.487,0.483,4
Austin Rivers,PG-SG,0.409,0.298,0.449,0.449,7
Andre Roberson,SG,0.458,0.247,0.612,0.51,3.4
Brian Roberts,PG,0.389,0.321,0.44,0.458,6.7
Glenn Robinson,SG-SF,0.388,0.263,0.438,0.425,2.1
Nate Robinson,PG,0.345,0.277,0.399,0.406,5.7
Thomas Robinson,PF,0.485,0,0.488,0.485,5.7
Rajon Rondo,PG,0.426,0.314,0.444,0.447,8.9
Derrick Rose,PG,0.405,0.28,0.465,0.45,17.7
Terrence Ross,SF,0.41,0.372,0.452,0.507,9.8
Ricky Rubio,PG,0.356,0.255,0.387,0.386,10.3
Damjan Rudez,SF,0.452,0.406,0.538,0.584,4.8
Brandon Rush,SG,0.204,0.111,0.296,0.231,0.9
Robert Sacre,C,0.412,0,0.413,0.412,4.6
John Salmons,SF,0.333,0.308,0.364,0.417,2
JaKarr Sampson,SF,0.422,0.244,0.525,0.467,5.2
Larry Sanders,C,0.5,,0.5,0.5,7.3
Dennis Schroder,PG,0.427,0.351,0.449,0.466,10
Luis Scola,PF,0.467,0.25,0.474,0.471,9.4
Mike Scott,PF,0.444,0.344,0.517,0.517,7.8
Thabo Sefolosha,SF,0.418,0.321,0.462,0.468,5.3
Kevin Seraphin,C,0.513,0,0.516,0.513,6.6
Ramon Sessions,PG,0.374,0.317,0.387,0.403,6.3
Iman Shumpert,SG,0.41,0.342,0.458,0.481,8
Alexey Shved,SG,0.397,0.338,0.439,0.467,10.3
Henry Sims,C,0.474,0.182,0.488,0.478,8
Kyle Singler,SF,0.386,0.398,0.371,0.493,6
Donald Sloan,PG,0.408,0.313,0.464,0.466,7.4
Marcus Smart,PG,0.367,0.335,0.41,0.462,7.8
Greg Smith,PF,0.612,,0.612,0.612,1.9
Ish Smith,PG,0.39,0.3,0.407,0.414,6.1
J.R. Smith,SG,0.417,0.383,0.462,0.525,12.1
Jason Smith,C,0.434,0.357,0.44,0.447,8
Josh Smith,PF,0.419,0.316,0.451,0.456,12.4
Russ Smith,PG,0.32,0.182,0.429,0.36,2.5
Tony Snell,SF,0.429,0.371,0.494,0.527,6
Marreese Speights,C,0.492,0.278,0.498,0.496,10.4
Tiago Splitter,C,0.558,,0.558,0.558,8.2
Nik Stauskas,SG,0.365,0.322,0.408,0.446,4.4
Lance Stephenson,SG,0.376,0.171,0.425,0.393,8.2
Greg Stiemsma,C,0.75,,0.75,0.75,0.8
David Stockton,PG,0.333,0.5,0.25,0.417,2.7
Jarnell Stokes,PF,0.568,,0.568,0.568,3
Amar'e Stoudemire,PF,0.557,0,0.562,0.557,11.5
Rodney Stuckey,PG,0.44,0.39,0.452,0.477,12.6
Jared Sullinger,PF,0.439,0.283,0.494,0.476,13.3
Jeffery Taylor,SF,0.395,0.306,0.436,0.443,4.4
Jeff Teague,PG,0.46,0.343,0.496,0.5,15.9
Mirza Teletovic,PF,0.382,0.321,0.476,0.48,8.5
Sebastian Telfair,PG,0.368,0.3,0.431,0.44,8.4
Garrett Temple,SG,0.4,0.375,0.427,0.497,3.9
Jason Terry,SG,0.422,0.39,0.504,0.563,7
Isaiah Thomas,PG,0.42,0.373,0.457,0.501,16.4
Lance Thomas,PF-SF,0.412,0.318,0.417,0.42,7.1
Malcolm Thomas,PF,0.45,0,0.545,0.45,2.6
Tyrus Thomas,PF,1,,1,1,2
Hollis Thompson,SG,0.413,0.401,0.426,0.518,8.8
Jason Thompson,PF,0.47,0,0.471,0.47,6.1
Klay Thompson,SG,0.463,0.439,0.481,0.555,21.7
Tristan Thompson,PF,0.547,,0.547,0.547,8.5
Marcus Thornton,SG,0.406,0.378,0.426,0.484,7.9
Anthony Tolliver,PF,0.41,0.366,0.534,0.545,6.3
P.J. Tucker,SF,0.438,0.345,0.506,0.511,9.1
Ronny Turiaf,C,,,,,0
Hedo Turkoglu,SF,0.441,0.432,0.469,0.601,3.7
Evan Turner,SG,0.429,0.277,0.458,0.451,9.5
Ekpe Udoh,PF,0.458,,0.458,0.458,0.9
Beno Udrih,PG,0.487,0.268,0.539,0.513,7.7
Jonas Valanciunas,C,0.572,0,0.573,0.572,12
Anderson Varejao,C,0.555,0,0.561,0.555,9.8
Greivis Vasquez,PG,0.408,0.379,0.436,0.5,9.5
Charlie Villanueva,PF,0.414,0.376,0.475,0.529,6.3
Noah Vonleh,PF,0.395,0.385,0.397,0.428,3.3
Nikola Vucevic,C,0.523,0.333,0.524,0.524,19.3
Dwyane Wade,SG,0.47,0.284,0.489,0.483,21.5
Dion Waiters,SG,0.396,0.297,0.431,0.435,11.8
Henry Walker,SF,0.345,0.341,0.361,0.479,7.3
Kemba Walker,PG,0.385,0.304,0.418,0.429,17.3
John Wall,PG,0.445,0.3,0.478,0.473,17.6
Gerald Wallace,SF,0.412,0.333,0.419,0.426,1.1
T.J. Warren,SF,0.528,0.238,0.56,0.54,6.1
C.J. Watson,PG,0.434,0.4,0.459,0.518,10
David Wear,PF,0,0,0,0,0
Travis Wear,SF,0.402,0.367,0.408,0.428,3.9
Martell Webster,SF,0.264,0.233,0.292,0.319,3.3
David West,PF,0.471,0.2,0.479,0.474,11.7
Russell Westbrook,PG,0.426,0.299,0.457,0.455,28.1
Hassan Whiteside,C,0.628,,0.628,0.628,11.8
Shayne Whittington,PF,0.452,0.167,0.5,0.464,2.9
Andrew Wiggins,SF,0.437,0.31,0.453,0.454,16.9
C.J. Wilcox,SG,0.421,0.368,0.474,0.513,2
Deron Williams,PG,0.387,0.367,0.395,0.443,13
Derrick Williams,PF,0.447,0.314,0.511,0.498,8.3
Elliot Williams,SG,0.378,0.444,0.316,0.486,2.8
Lou Williams,SG,0.404,0.34,0.464,0.486,15.5
Marvin Williams,PF,0.424,0.358,0.5,0.52,7.4
Mo Williams,PG,0.397,0.342,0.434,0.466,14.2
Reggie Williams,SF,0.385,0.158,0.6,0.423,1.9
Shawne Williams,SF,0.403,0.36,0.467,0.51,5.4
Jeff Withey,C,0.5,,0.5,0.5,2.6
Nate Wolters,PG,0.351,0,0.4,0.351,2
Brandan Wright,PF,0.642,0,0.647,0.642,7.3
Dorell Wright,SF,0.379,0.38,0.378,0.487,4.6
Tony Wroten,PG,0.403,0.261,0.473,0.446,16.9
James Young,SG,0.353,0.258,0.528,0.436,3.4
Nick Young,SG,0.366,0.369,0.363,0.453,13.4
Thaddeus Young,PF,0.466,0.33,0.484,0.486,14.1
Cody Zeller,C,0.461,1,0.46,0.462,7.6
Tyler Zeller,C,0.549,,0.549,0.549,10.2